geno,condition,hour,rep,vial_ID,first_frame,last_frame,slope,intercept,r_value,p_value,std_err
Mau,Fatigued,0,1,Mau_Fatigued_all,4,54,3.8482,34.5156,0.9978,0.0,0.0196
Mau,Fatigued,0,2,Mau_Fatigued_all,27,77,5.3312,15.48,0.9987,0.0,0.0209
Mau,Fatigued,0,3,Mau_Fatigued_all,24,74,5.6102,22.6865,0.9992,0.0,0.0175
Mau,Rested,0,1,Mau_Rested_all,21,71,4.9639,18.6613,0.9968,0.0,0.0303
Mau,Rested,0,2,Mau_Rested_all,13,63,5.2879,25.2008,0.9988,0.0,0.0201
Mau,Rested,0,3,Mau_Rested_all,29,79,5.3128,3.5086,0.9995,0.0,0.0131
OreR,Fatigued,0,1,OreR_Fatigued_all,3,53,3.5747,30.4268,0.9977,0.0,0.0184
OreR,Fatigued,0,2,OreR_Fatigued_all,9,59,3.3213,37.5305,0.9979,0.0,0.0163
OreR,Fatigued,0,3,OreR_Fatigued_all,22,72,4.5003,12.0188,0.9976,0.0,0.0236
OreR,Rested,0,1,OreR_Rested_all,24,74,3.1749,20.3768,0.995,0.0,0.0243
OreR,Rested,0,2,OreR_Rested_all,0,50,2.6979,46.792,0.9958,0.0,0.0188
OreR,Rested,0,3,OreR_Rested_all,29,79,3.4166,30.1634,0.9943,0.0,0.0279
SiI,Fatigued,0,1,SiI_Fatigued_all,5,55,3.7584,33.2923,0.9971,0.0,0.0217
SiI,Fatigued,0,2,SiI_Fatigued_all,0,50,3.9533,42.4394,0.9968,0.0,0.0243
SiI,Fatigued,0,3,SiI_Fatigued_all,14,64,4.1932,31.7076,0.9976,0.0,0.0223
SiI,Rested,0,1,SiI_Rested_all,17,67,4.1328,29.5072,0.9984,0.0,0.0181
SiI,Rested,0,2,SiI_Rested_all,5,55,3.3338,60.7218,0.9977,0.0,0.0172
SiI,Rested,0,3,SiI_Rested_all,15,65,5.3387,31.0137,0.9987,0.0,0.0206
Sm21,Fatigued,0,1,Sm21_Fatigued_all,3,53,3.419,32.0989,0.9984,0.0,0.0148
Sm21,Fatigued,0,2,Sm21_Fatigued_all,26,76,4.2124,25.7143,0.9979,0.0,0.0206
Sm21,Fatigued,0,3,Sm21_Fatigued_all,25,75,4.632,4.5581,0.998,0.0,0.0221
Sm21,Rested,0,1,Sm21_Rested_all,21,71,4.7326,22.1593,0.9989,0.0,0.0171
Sm21,Rested,0,2,Sm21_Rested_all,9,59,4.723,31.5436,0.9973,0.0,0.0266
Sm21,Rested,0,3,Sm21_Rested_all,21,71,4.3257,18.5657,0.9988,0.0,0.0164
Yak,Fatigued,0,1,Yak_Fatigued_all,0,50,3.1686,38.0248,0.9977,0.0,0.0163
Yak,Fatigued,0,2,Yak_Fatigued_all,22,72,5.1059,29.3796,0.9984,0.0,0.0219
Yak,Fatigued,0,3,Yak_Fatigued_all,7,57,4.6011,39.968,0.9984,0.0,0.0195
Yak,Rested,0,1,Yak_Rested_all,36,86,4.4002,-0.2725,0.9967,0.0,0.0272
Yak,Rested,0,2,Yak_Rested_all,18,68,5.1337,21.9218,0.9974,0.0,0.0284
Yak,Rested,0,3,Yak_Rested_all,25,75,4.3287,12.5613,0.9987,0.0,0.0169
Zim,Fatigued,0,1,Zim_Fatigued_all,13,63,4.8138,33.5844,0.9983,0.0,0.0215
Zim,Fatigued,0,2,Zim_Fatigued_all,1,51,4.6172,46.47,0.9986,0.0,0.0187
Zim,Fatigued,0,3,Zim_Fatigued_all,24,74,3.813,56.3326,0.9973,0.0,0.0212
Zim,Rested,0,1,Zim_Rested_all,17,67,4.4705,26.066,0.9975,0.0,0.0241
Zim,Rested,0,2,Zim_Rested_all,13,63,4.8146,33.4778,0.999,0.0,0.0165
Zim,Rested,0,3,Zim_Rested_all,15,65,4.4412,29.4303,0.9987,0.0,0.017
w1118,Fatigued,0,1,w1118_Fatigued_all,18,68,4.3347,21.9436,0.9981,0.0,0.0203
w1118,Fatigued,0,2,w1118_Fatigued_all,11,61,4.3381,44.2576,0.9983,0.0,0.0192
w1118,Fatigued,0,3,w1118_Fatigued_all,11,61,4.7433,21.5271,0.9976,0.0,0.025
w1118,Rested,0,1,w1118_Rested_all,4,54,3.2119,32.1083,0.9978,0.0,0.0161
w1118,Rested,0,2,w1118_Rested_all,11,61,4.2405,34.3709,0.9978,0.0,0.0215
w1118,Rested,0,3,w1118_Rested_all,10,60,3.8501,39.1012,0.9982,0.0,0.0175
Mau,Fatigued,1,1,Mau_Fatigued_all,7,57,2.5476,32.218,0.9967,0.0,0.0159
Mau,Fatigued,1,2,Mau_Fatigued_all,9,59,3.0326,31.207,0.9969,0.0,0.0182
Mau,Fatigued,1,3,Mau_Fatigued_all,28,78,4.638,11.2597,0.9972,0.0,0.0263
Mau,Rested,1,1,Mau_Rested_all,21,71,5.5485,22.0633,0.9989,0.0,0.0195
Mau,Rested,1,2,Mau_Rested_all,19,69,5.2089,23.2827,0.9993,0.0,0.015
Mau,Rested,1,3,Mau_Rested_all,9,59,5.6473,28.3158,0.9993,0.0,0.0155
OreR,Fatigued,1,1,OreR_Fatigued_all,32,82,2.4825,28.7993,0.9932,0.0,0.0222
OreR,Fatigued,1,2,OreR_Fatigued_all,11,61,2.944,27.298,0.9955,0.0,0.0214
OreR,Fatigued,1,3,OreR_Fatigued_all,0,50,3.3018,32.1967,0.991,0.0,0.034
OreR,Rested,1,1,OreR_Rested_all,9,59,3.3528,29.6741,0.9979,0.0,0.0166
OreR,Rested,1,2,OreR_Rested_all,19,69,3.4897,28.5365,0.9969,0.0,0.0211
OreR,Rested,1,3,OreR_Rested_all,22,72,3.5406,37.1305,0.9983,0.0,0.0157
SiI,Fatigued,1,1,SiI_Fatigued_all,8,58,4.0565,30.6374,0.9965,0.0,0.0259
SiI,Fatigued,1,2,SiI_Fatigued_all,1,51,3.7171,30.5929,0.9985,0.0,0.0155
SiI,Fatigued,1,3,SiI_Fatigued_all,11,61,3.2217,25.9061,0.9987,0.0,0.0124
SiI,Rested,1,1,SiI_Rested_all,7,57,4.3223,33.7795,0.9989,0.0,0.0155
SiI,Rested,1,2,SiI_Rested_all,20,70,4.4568,28.3606,0.9974,0.0,0.0245
SiI,Rested,1,3,SiI_Rested_all,5,55,4.1156,51.53,0.9975,0.0,0.0223
Sm21,Fatigued,1,1,Sm21_Fatigued_all,5,55,2.6529,30.4622,0.9974,0.0,0.0146
Sm21,Fatigued,1,2,Sm21_Fatigued_all,5,55,2.254,32.3054,0.9963,0.0,0.0147
Sm21,Fatigued,1,3,Sm21_Fatigued_all,10,60,3.017,10.0148,0.9923,0.0,0.0287
Sm21,Rested,1,1,Sm21_Rested_all,9,59,4.648,40.0796,0.9974,0.0,0.0254
Sm21,Rested,1,2,Sm21_Rested_all,9,59,4.1983,52.0101,0.9967,0.0,0.026
Sm21,Rested,1,3,Sm21_Rested_all,10,60,3.9985,35.3754,0.998,0.0,0.0193
Yak,Fatigued,1,1,Yak_Fatigued_all,16,66,3.3126,45.0852,0.9972,0.0,0.0189
Yak,Fatigued,1,2,Yak_Fatigued_all,10,60,3.437,22.3858,0.9981,0.0,0.016
Yak,Fatigued,1,3,Yak_Fatigued_all,21,71,3.9724,22.3252,0.9981,0.0,0.0188
Yak,Rested,1,1,Yak_Rested_all,19,69,5.1907,21.6037,0.9992,0.0,0.0156
Yak,Rested,1,2,Yak_Rested_all,19,69,5.1976,29.1954,0.9988,0.0,0.0197
Yak,Rested,1,3,Yak_Rested_all,19,69,5.5363,37.1779,0.9985,0.0,0.0232
Zim,Fatigued,1,1,Zim_Fatigued_all,14,64,4.551,12.9262,0.9984,0.0,0.0199
Zim,Fatigued,1,2,Zim_Fatigued_all,11,61,4.439,32.4779,0.998,0.0,0.0216
Zim,Fatigued,1,3,Zim_Fatigued_all,20,70,4.067,22.1849,0.9949,0.0,0.0315
Zim,Rested,1,1,Zim_Rested_all,11,61,4.3381,46.621,0.9987,0.0,0.0168
Zim,Rested,1,2,Zim_Rested_all,14,64,5.3935,40.1896,0.9983,0.0,0.0241
Zim,Rested,1,3,Zim_Rested_all,26,76,4.2084,43.5552,0.9973,0.0,0.0236
w1118,Fatigued,1,1,w1118_Fatigued_all,15,65,2.9202,19.3354,0.9968,0.0,0.0179
w1118,Fatigued,1,2,w1118_Fatigued_all,17,67,3.425,28.5676,0.9987,0.0,0.0135
w1118,Fatigued,1,3,w1118_Fatigued_all,20,70,3.4828,21.7114,0.9983,0.0,0.0157
w1118,Rested,1,1,w1118_Rested_all,11,61,4.3491,39.695,0.999,0.0,0.0146
w1118,Rested,1,2,w1118_Rested_all,15,65,3.898,32.6177,0.9979,0.0,0.0191
w1118,Rested,1,3,w1118_Rested_all,19,69,4.3527,2.2122,0.9972,0.0,0.0248
Mau,Fatigued,2,1,Mau_Fatigued_all,2,52,3.5233,35.4429,0.9983,0.0,0.0155
Mau,Fatigued,2,2,Mau_Fatigued_all,19,69,3.3438,18.667,0.9969,0.0,0.02
Mau,Fatigued,2,3,Mau_Fatigued_all,0,50,3.5447,34.6695,0.9964,0.0,0.0229
Mau,Rested,2,1,Mau_Rested_all,15,65,5.0444,24.551,0.9991,0.0,0.016
Mau,Rested,2,2,Mau_Rested_all,11,61,5.3708,44.6316,0.9985,0.0,0.0224
Mau,Rested,2,3,Mau_Rested_all,19,69,5.3826,5.1284,0.9987,0.0,0.0207
OreR,Fatigued,2,1,OreR_Fatigued_all,5,55,2.9549,29.8362,0.996,0.0,0.0201
OreR,Fatigued,2,2,OreR_Fatigued_all,5,55,2.7418,35.4571,0.994,0.0,0.0229
OreR,Fatigued,2,3,OreR_Fatigued_all,12,62,4.0593,31.3117,0.9965,0.0,0.0258
OreR,Rested,2,1,OreR_Rested_all,24,74,4.1219,32.3149,0.9983,0.0,0.0182
OreR,Rested,2,2,OreR_Rested_all,13,63,4.1118,37.4712,0.9982,0.0,0.0188
OreR,Rested,2,3,OreR_Rested_all,24,74,3.5901,32.8731,0.9963,0.0,0.0236
siI,Rested,2,1,siI_Rested_all,0,50,2.3221,41.5908,0.9959,0.0,0.0162
siI,Fatigued,2,3,siI_Fatigued_all,5,55,2.2174,30.7519,0.9961,0.0,0.0149
SiI,Rested,2,3,SiI_Rested_all,8,58,2.826,34.234,0.9964,0.0,0.0184
siI,Rested,2,1,siI_Rested_all,16,66,4.088,31.2116,0.9961,0.0,0.0275
siI,Rested,2,2,siI_Rested_all,13,63,4.0599,41.0318,0.9969,0.0,0.0246
SiI,Rested,2,3,SiI_Rested_all,28,78,4.7782,9.4755,0.9985,0.0,0.0197
Sm21,Fatigued,2,1,Sm21_Fatigued_all,5,55,2.8632,26.9474,0.9972,0.0,0.0162
Sm21,Fatigued,2,2,Sm21_Fatigued_all,22,72,2.0505,17.7291,0.9916,0.0,0.0203
Sm21,Fatigued,2,3,Sm21_Fatigued_all,1,51,1.8319,33.7043,0.9859,0.0,0.0237
Sm21,Rested,2,1,Sm21_Rested_all,24,74,3.9906,21.7393,0.9983,0.0,0.0179
Sm21,Rested,2,2,Sm21_Rested_all,16,66,3.8944,9.6625,0.9984,0.0,0.0166
Sm21,Rested,2,3,Sm21_Rested_all,20,70,3.3725,30.2365,0.9966,0.0,0.0212
Yak,Fatigued,2,1,Yak_Fatigued_all,25,75,2.1052,12.7987,0.9968,0.0,0.0128
Yak,Fatigued,2,2,Yak_Fatigued_all,19,69,2.5512,17.5797,0.9967,0.0,0.0158
Yak,Fatigued,2,3,Yak_Fatigued_all,1,51,2.3047,36.3327,0.9963,0.0,0.0152
Yak,Rested,2,1,Yak_Rested_all,14,64,4.9973,16.21,0.9973,0.0,0.0281
Yak,Rested,2,2,Yak_Rested_all,24,74,5.1303,23.5308,0.9987,0.0,0.0198
Yak,Rested,2,3,Yak_Rested_all,16,66,4.4326,30.0621,0.9975,0.0,0.0238
Zim,Fatigued,2,1,Zim_Fatigued_all,0,50,2.0533,30.5379,0.9965,0.0,0.0132
Zim,Fatigued,2,2,Zim_Fatigued_all,14,64,2.4369,29.7202,0.9965,0.0,0.0156
Zim,Fatigued,2,3,Zim_Fatigued_all,6,56,2.5727,25.1977,0.9969,0.0,0.0155
Zim,Rested,2,1,Zim_Rested_all,25,75,4.1128,11.0953,0.9984,0.0,0.0178
Zim,Rested,2,2,Zim_Rested_all,26,76,3.9101,15.1106,0.999,0.0,0.0133
Zim,Rested,2,3,Zim_Rested_all,16,66,4.1827,38.2791,0.9976,0.0,0.022
w1118,Fatigued,2,1,w1118_Fatigued_all,9,59,1.6406,37.6501,0.9916,0.0,0.0163
w1118,Fatigued,2,2,w1118_Fatigued_all,24,74,1.5556,16.497,0.9962,0.0,0.0103
w1118,Fatigued,2,3,w1118_Fatigued_all,6,56,1.7612,28.3139,0.9959,0.0,0.0122
w1118,Rested,2,1,w1118_Rested_all,8,58,3.7891,39.1209,0.9989,0.0,0.0134
w1118,Rested,2,2,w1118_Rested_all,41,91,3.0459,36.4634,0.9974,0.0,0.0168
w1118,Rested,2,3,w1118_Rested_all,11,61,3.5942,42.4425,0.9989,0.0,0.0128
Mau,Fatigued,3,1,Mau_Fatigued_all,12,62,4.0959,29.0746,0.9987,0.0,0.0156
Mau,Fatigued,3,2,Mau_Fatigued_all,21,71,4.6619,25.8412,0.9948,0.0,0.0363
Mau,Fatigued,3,3,Mau_Fatigued_all,6,56,4.3099,37.2373,0.9972,0.0,0.0247
Mau,Rested,3,1,Mau_Rested_all,17,67,4.754,31.1084,0.9971,0.0,0.0276
Mau,Rested,3,2,Mau_Rested_all,12,62,5.8148,25.1746,0.9989,0.0,0.0207
Mau,Rested,3,3,Mau_Rested_all,8,58,4.7127,28.2631,0.9969,0.0,0.0285
OreR,Fatigued,3,1,OreR_Fatigued_all,12,62,1.8062,43.5078,0.9947,0.0,0.0142
OreR,Fatigued,3,2,OreR_Fatigued_all,15,65,2.3656,20.5417,0.9932,0.0,0.0211
OreR,Fatigued,3,3,OreR_Fatigued_all,22,72,3.6182,6.0815,0.9921,0.0,0.0349
OreR,Rested,3,1,OreR_Rested_all,3,53,3.948,38.3576,0.9979,0.0,0.0194
OreR,Rested,3,2,OreR_Rested_all,9,59,3.0755,36.7171,0.9963,0.0,0.0201
OreR,Rested,3,3,OreR_Rested_all,7,57,3.2312,41.2188,0.997,0.0,0.019
SiI,Fatigued,3,1,SiI_Fatigued_all,8,58,3.3886,34.1422,0.9987,0.0,0.013
SiI,Fatigued,3,2,SiI_Fatigued_all,11,61,3.5496,21.4178,0.9963,0.0,0.0233
SiI,Fatigued,3,3,SiI_Fatigued_all,5,55,3.9306,21.7978,0.9977,0.0,0.0203
SiI,Rested,3,1,SiI_Rested_all,5,55,4.2482,30.5575,0.9988,0.0,0.0158
SiI,Rested,3,2,SiI_Rested_all,10,60,5.1053,37.3914,0.9985,0.0,0.0213
SiI,Rested,3,3,SiI_Rested_all,7,57,4.1636,34.2153,0.9989,0.0,0.0149
Sm21,Fatigued,3,1,Sm21_Fatigued_all,0,50,3.5438,38.4408,0.9973,0.0,0.0199
Sm21,Fatigued,3,2,Sm21_Fatigued_all,0,50,2.7151,38.7048,0.9964,0.0,0.0175
Sm21,Fatigued,3,3,Sm21_Fatigued_all,13,63,4.1557,14.2399,0.996,0.0,0.0283
Sm21,Rested,3,1,Sm21_Rested_all,22,72,5.2603,24.6314,0.9992,0.0,0.0157
Sm21,Rested,3,2,Sm21_Rested_all,11,61,5.0027,38.4552,0.9966,0.0,0.0317
Sm21,Rested,3,3,Sm21_Rested_all,15,65,5.4246,23.7,0.9974,0.0,0.0298
Yak,Fatigued,3,1,Yak_Fatigued_all,24,74,4.0409,9.0095,0.998,0.0,0.0195
Yak,Fatigued,3,2,Yak_Fatigued_all,30,80,4.4656,12.2462,0.9986,0.0,0.0178
Yak,Fatigued,3,3,Yak_Fatigued_all,10,60,4.1364,35.8907,0.9978,0.0,0.0207
Yak,Rested,3,1,Yak_Rested_all,10,60,5.7693,40.2859,0.9996,0.0,0.0131
Yak,Rested,3,2,Yak_Rested_all,17,67,6.1752,18.653,0.9991,0.0,0.0203
Yak,Rested,3,3,Yak_Rested_all,10,60,5.1532,28.184,0.999,0.0,0.0175
Zim,Fatigued,3,1,Zim_Fatigued_all,25,75,3.0254,56.5616,0.9971,0.0,0.0177
Zim,Fatigued,3,2,Zim_Fatigued_all,2,52,4.1854,47.3491,0.9932,0.0,0.0374
Zim,Fatigued,3,3,Zim_Fatigued_all,9,59,3.622,43.2573,0.9936,0.0,0.0314
Zim,Rested,3,1,Zim_Rested_all,5,55,5.5674,43.3553,0.9992,0.0,0.0172
Zim,Rested,3,2,Zim_Rested_all,13,63,5.5453,27.5151,0.9993,0.0,0.0154
Zim,Rested,3,3,Zim_Rested_all,9,59,6.0509,32.6072,0.999,0.0,0.0203
w1118,Fatigued,3,1,w1118_Fatigued_all,19,69,3.6017,23.9119,0.9983,0.0,0.016
w1118,Fatigued,3,2,w1118_Fatigued_all,30,80,3.2104,24.2696,0.9975,0.0,0.0174
w1118,Fatigued,3,3,w1118_Fatigued_all,2,52,2.966,27.9353,0.997,0.0,0.0174
w1118,Rested,3,1,w1118_Rested_all,23,73,4.8521,27.7816,0.9995,0.0,0.0122
w1118,Rested,3,2,w1118_Rested_all,8,58,4.9795,43.8495,0.9991,0.0,0.016
w1118,Rested,3,3,w1118_Rested_all,27,77,4.251,52.2723,0.9981,0.0,0.02
Mau,Fatigued,4,1,Mau_Fatigued_all,0,50,2.754,32.6027,0.9974,0.0,0.015
Mau,Fatigued,4,2,Mau_Fatigued_all,24,74,2.8376,38.5286,0.9974,0.0,0.0156
Mau,Fatigued,4,3,Mau_Fatigued_all,16,66,3.646,24.2184,0.9971,0.0,0.0212
Mau,Rested,4,1,Mau_Rested_all,7,57,5.244,38.0282,0.9987,0.0,0.0203
Mau,Rested,4,2,Mau_Rested_all,5,55,5.4275,48.1296,0.998,0.0,0.0265
Mau,Rested,4,3,Mau_Rested_all,6,56,5.5959,40.2827,0.998,0.0,0.0271
OreR,Fatigued,4,1,OreR_Fatigued_all,7,57,1.979,41.6215,0.9963,0.0,0.013
OreR,Fatigued,4,2,OreR_Fatigued_all,6,56,2.8812,27.8499,0.9952,0.0,0.0216
OreR,Fatigued,4,3,OreR_Fatigued_all,4,54,2.2968,32.23,0.99,0.0,0.0249
OreR,Rested,4,1,OreR_Rested_all,21,71,4.0964,27.0976,0.9983,0.0,0.0182
OreR,Rested,4,2,OreR_Rested_all,3,53,2.9999,52.2797,0.9955,0.0,0.0217
OreR,Rested,4,3,OreR_Rested_all,22,72,3.8272,25.8249,0.9987,0.0,0.0151
SiI,Fatigued,4,1,SiI_Fatigued_all,25,75,1.5076,27.5181,0.9939,0.0,0.0127
SiI,Fatigued,4,2,SiI_Fatigued_all,34,84,1.7831,35.891,0.9906,0.0,0.0188
SiI,Fatigued,4,3,SiI_Fatigued_all,33,83,2.2135,22.5835,0.9905,0.0,0.0233
SiI,Rested,4,1,SiI_Rested_all,18,68,4.4259,24.634,0.9974,0.0,0.0242
SiI,Rested,4,2,SiI_Rested_all,17,67,3.8109,36.6566,0.9979,0.0,0.0188
SiI,Rested,4,3,SiI_Rested_all,20,70,4.2533,38.7163,0.9986,0.0,0.0172
Sm21,Fatigued,4,1,Sm21_Fatigued_all,8,58,2.8695,34.415,0.9966,0.0,0.018000000000000002
Sm21,Fatigued,4,2,Sm21_Fatigued_all,9,59,2.7943,35.0815,0.9971,0.0,0.0163
Sm21,Fatigued,4,3,Sm21_Fatigued_all,12,62,1.8867,28.7634,0.9877,0.0,0.0227
Sm21,Rested,4,1,Sm21_Rested_all,28,78,4.5360000000000005,8.6505,0.9989,0.0,0.0162
Sm21,Rested,4,2,Sm21_Rested_all,17,67,4.5551,16.4191,0.9974,0.0,0.025
Sm21,Rested,4,3,Sm21_Rested_all,18,68,3.9118,13.905,0.9976,0.0,0.0205
Yak,Fatigued,4,1,Yak_Fatigued_all,8,58,2.3773,18.5948,0.9983,0.0,0.0105
Yak,Fatigued,4,2,Yak_Fatigued_all,12,62,3.3592,30.3997,0.9967,0.0,0.0209
Yak,Fatigued,4,3,Yak_Fatigued_all,18,68,2.7986,13.5528,0.9982,0.0,0.0129
Yak,Rested,4,1,Yak_Rested_all,13,63,4.2332,25.0604,0.9983,0.0,0.0188
Yak,Rested,4,2,Yak_Rested_all,26,76,5.3292,25.0161,0.9991,0.0,0.0172
Yak,Rested,4,3,Yak_Rested_all,7,57,4.4698,38.5764,0.9988,0.0,0.017
Zim,Fatigued,4,1,Zim_Fatigued_all,10,60,2.6731,27.4603,0.9969,0.0,0.0161
Zim,Fatigued,4,2,Zim_Fatigued_all,23,73,3.1841,22.4771,0.9981,0.0,0.0151
Zim,Fatigued,4,3,Zim_Fatigued_all,11,61,2.033,28.8782,0.9954,0.0,0.015
Zim,Rested,4,1,Zim_Rested_all,5,55,5.3811,52.9629,0.999,0.0,0.018000000000000002
Zim,Rested,4,2,Zim_Rested_all,15,65,6.0308,28.3482,0.9992,0.0,0.0186
Zim,Rested,4,3,Zim_Rested_all,9,59,5.2415,38.8952,0.9985,0.0,0.0218
w1118,Fatigued,4,1,w1118_Fatigued_all,9,59,2.914,30.6424,0.9985,0.0,0.0121
w1118,Fatigued,4,2,w1118_Fatigued_all,19,69,2.514,19.8834,0.9972,0.0,0.0144
w1118,Fatigued,4,3,w1118_Fatigued_all,16,66,2.86,25.7356,0.9972,0.0,0.0162
w1118,Rested,4,1,w1118_Rested_all,24,74,4.0041,46.6272,0.9978,0.0,0.0202
w1118,Rested,4,2,w1118_Rested_all,6,56,5.0189,43.6716,0.9988,0.0,0.0186
w1118,Rested,4,3,w1118_Rested_all,7,57,4.635,50.0941,0.9994,0.0,0.012
Mau,Fatigued,5,1,Mau_Fatigued_all,18,68,2.7061,18.6669,0.9964,0.0,0.0176
Mau,Fatigued,5,2,Mau_Fatigued_all,3,53,3.5475,39.6641,0.996,0.0,0.0242
Mau,Fatigued,5,3,Mau_Fatigued_all,11,61,3.6676,42.4109,0.9982,0.0,0.0167
Mau,Rested,5,1,Mau_Rested_all,4,54,7.6593,32.8026,0.997,0.0,0.0454
Mau,Rested,5,2,Mau_Rested_all,3,53,7.7374,59.6888,0.9978,0.0,0.0392
Mau,Rested,5,3,Mau_Rested_all,0,50,6.9279,80.3684,0.997,0.0,0.0406
OreR,Fatigued,5,1,OreR_Fatigued_all,1,51,2.3289,33.4534,0.9969,0.0,0.0141
OreR,Fatigued,5,2,OreR_Fatigued_all,32,82,3.6721,4.2538,0.9925,0.0,0.0345
OreR,Fatigued,5,3,OreR_Fatigued_all,47,97,3.0719,19.7709,0.9892,0.0,0.0347
OreR,Rested,5,1,OreR_Rested_all,3,53,5.1113,54.5495,0.9986,0.0,0.0207
OreR,Rested,5,2,OreR_Rested_all,6,56,3.8563,34.7128,0.9987,0.0,0.0151
OreR,Rested,5,3,OreR_Rested_all,23,73,3.8732,53.1204,0.9959,0.0,0.0268
SiI,Fatigued,5,1,SiI_Fatigued_all,5,55,3.2271,32.0995,0.9968,0.0,0.0198
SiI,Fatigued,5,2,SiI_Fatigued_all,5,55,3.153,27.6918,0.997,0.0,0.0186
SiI,Fatigued,5,3,SiI_Fatigued_all,2,52,3.6535,34.6857,0.997,0.0,0.0217
SiI,Rested,5,1,SiI_Rested_all,4,54,5.2067,35.6565,0.9985,0.0,0.0218
SiI,Rested,5,2,SiI_Rested_all,12,62,4.1503,24.8199,0.9979,0.0,0.0206
SiI,Rested,5,3,SiI_Rested_all,15,65,5.1412,47.9343,0.9985,0.0,0.0213
Sm21,Fatigued,5,1,Sm21_Fatigued_all,2,52,3.4997,39.9754,0.9978,0.0,0.0177
Sm21,Fatigued,5,2,Sm21_Fatigued_all,11,61,3.7351,30.784,0.9972,0.0,0.0212
Sm21,Fatigued,5,3,Sm21_Fatigued_all,23,73,3.833,10.4694,0.9976,0.0,0.0205
Sm21,Rested,5,1,Sm21_Rested_all,10,60,5.2644,30.0543,0.9984,0.0,0.023
Sm21,Rested,5,2,Sm21_Rested_all,8,58,5.3674,31.4774,0.9987,0.0,0.0206
Sm21,Rested,5,3,Sm21_Rested_all,11,61,5.7974,15.5704,0.9983,0.0,0.0258
Yak,Fatigued,5,1,Yak_Fatigued_all,13,63,4.4367,27.2868,0.9989,0.0,0.0158
Yak,Fatigued,5,2,Yak_Fatigued_all,3,53,4.4129,36.1595,0.9984,0.0,0.0189
Yak,Fatigued,5,3,Yak_Fatigued_all,18,68,5.4884,23.9376,0.999,0.0,0.0186
Yak,Rested,5,1,Yak_Rested_all,10,60,6.0582,39.3539,0.9987,0.0,0.0237
Yak,Rested,5,2,Yak_Rested_all,6,56,4.8868,48.377,0.998,0.0,0.0236
Yak,Rested,5,3,Yak_Rested_all,0,50,5.3792,54.167,0.9977,0.0,0.0278
Zim,Fatigued,5,1,Zim_Fatigued_all,0,50,2.5474,35.7889,0.9943,0.0,0.0208
Zim,Fatigued,5,2,Zim_Fatigued_all,1,51,3.0637,39.8189,0.9986,0.0,0.0123
Zim,Fatigued,5,3,Zim_Fatigued_all,13,63,3.2609,18.3117,0.9973,0.0,0.0182
Zim,Rested,5,1,Zim_Rested_all,0,50,6.4322,61.7573,0.9991,0.0,0.0211
Zim,Rested,5,2,Zim_Rested_all,2,52,6.2568,60.0063,0.9988,0.0,0.0238
Zim,Rested,5,3,Zim_Rested_all,3,53,5.876,45.2126,0.9996,0.0,0.0128
w1118,Fatigued,5,4,w1118_Fatigued_all,26,76,2.7037,23.345,0.9984,0.0,0.0117
w1118,Fatigued,5,5,w1118_Fatigued_all,7,57,2.5427,38.9827,0.9977,0.0,0.0132
w1118,Fatigued,5,6,w1118_Fatigued_all,9,59,2.7982,29.6167,0.9949,0.0,0.0216
w1118,Rested,5,1,w1118_Rested_all,7,57,5.1641,55.197,0.9988,0.0,0.0192
w1118,Rested,5,2,w1118_Rested_all,4,54,5.9923,33.4453,0.9994,0.0,0.016
w1118,Rested,5,3,w1118_Rested_all,25,75,4.5215,62.6735,0.9981,0.0,0.021
w1118,Rested,5,4,w1118_Rested_all,7,57,5.1641,55.197,0.9988,0.0,0.0192
w1118,Rested,5,5,w1118_Rested_all,4,54,5.9923,33.4453,0.9994,0.0,0.016
w1118,Rested,5,6,w1118_Rested_all,25,75,4.5215,62.6735,0.9981,0.0,0.021
Mau,Fatigued,6,1,Mau_Fatigued_all,1,51,3.955,29.8214,0.9966,0.0,0.0248
Mau,Fatigued,6,2,Mau_Fatigued_all,22,72,4.1253,19.8683,0.9984,0.0,0.0176
Mau,Fatigued,6,3,Mau_Fatigued_all,14,64,4.1867,25.805,0.9982,0.0,0.0189
Mau,Rested,6,1,Mau_Rested_all,7,57,7.1035,51.56100000000001,0.9993,0.0,0.0205
Mau,Rested,6,2,Mau_Rested_all,6,56,7.6409,36.9518,0.9995,0.0,0.0183
Mau,Rested,6,3,Mau_Rested_all,6,56,7.19,33.7095,0.9993,0.0,0.0202
OreR,Fatigued,6,1,OreR_Fatigued_all,27,77,2.3135,38.3888,0.9968,0.0,0.0141
OreR,Fatigued,6,2,OreR_Fatigued_all,20,70,3.4571,16.7806,0.996,0.0,0.0235
OreR,Fatigued,6,3,OreR_Fatigued_all,29,79,3.7406,1.04,0.9941,0.0,0.031
OreR,Rested,6,1,OreR_Rested_all,7,57,4.2913,39.9818,0.9987,0.0,0.0169
OreR,Rested,6,2,OreR_Rested_all,8,58,3.468,44.9851,0.9969,0.0,0.0208
OreR,Rested,6,3,OreR_Rested_all,30,80,4.2274,23.4675,0.9965,0.0,0.0269
SiI,Fatigued,6,1,SiI_Fatigued_all,11,61,2.1293,31.7211,0.9978,0.0,0.0109
SiI,Fatigued,6,2,SiI_Fatigued_all,5,55,1.7869,29.2271,0.992,0.0,0.0173
SiI,Fatigued,6,3,SiI_Fatigued_all,40,90,3.3764,-8.6453,0.9978,0.0,0.0173
SiI,Rested,6,1,SiI_Rested_all,0,50,4.9474,40.4942,0.9972,0.0,0.0283
SiI,Rested,6,2,SiI_Rested_all,0,50,5.5166,34.2342,0.9964,0.0,0.0359
SiI,Rested,6,3,SiI_Rested_all,7,57,4.6262,40.459,0.9978,0.0,0.0235
Sm21,Fatigued,6,1,Sm21_Fatigued_all,1,51,2.7453,43.269,0.9919,0.0,0.0268
Sm21,Fatigued,6,2,Sm21_Fatigued_all,7,57,3.4772,20.6456,0.9981,0.0,0.0164
Sm21,Fatigued,6,3,Sm21_Fatigued_all,15,65,3.4785,24.3955,0.9968,0.0,0.0212
Sm21,Rested,6,1,Sm21_Rested_all,6,56,5.712999999999999,33.0886,0.9987,0.0,0.022
Sm21,Rested,6,2,Sm21_Rested_all,20,70,5.1104,8.6625,0.9991,0.0,0.0167
Sm21,Rested,6,3,Sm21_Rested_all,11,61,4.7665,15.3555,0.9987,0.0,0.0186
Yak,Fatigued,6,1,Yak_Fatigued_all,8,58,3.5213,32.8568,0.9981,0.0,0.0164
Yak,Fatigued,6,2,Yak_Fatigued_all,6,56,3.6798,29.4643,0.9975,0.0,0.0197
Yak,Fatigued,6,3,Yak_Fatigued_all,14,64,3.7831,26.7786,0.9986,0.0,0.0155
Yak,Rested,6,1,Yak_Rested_all,13,63,6.409,33.3538,0.9989,0.0,0.0225
Yak,Rested,6,2,Yak_Rested_all,5,55,6.2957,44.0007,0.9975,0.0,0.0337
Yak,Rested,6,3,Yak_Rested_all,12,62,5.9719,46.315,0.9994,0.0,0.0158
Zim,Fatigued,6,1,Zim_Fatigued_all,0,50,3.734,30.3021,0.9989,0.0,0.0135
Zim,Fatigued,6,2,Zim_Fatigued_all,6,56,3.1393,25.9289,0.9966,0.0,0.0197
Zim,Fatigued,6,3,Zim_Fatigued_all,8,58,3.7516,29.5902,0.9982,0.0,0.0173
Zim,Rested,6,1,Zim_Rested_all,17,67,4.2767,95.2113,0.9964,0.0,0.0276
Zim,Rested,6,2,Zim_Rested_all,2,52,6.4998,57.0298,0.9994,0.0,0.0178
Zim,Rested,6,3,Zim_Rested_all,0,50,5.9049,59.7744,0.9978,0.0,0.03
w1118,Fatigued,6,1,w1118_Fatigued_all,0,50,1.9754,29.0205,0.988,0.0,0.0236
w1118,Fatigued,6,2,w1118_Fatigued_all,2,52,1.5666,21.9006,0.9888,0.0,0.018000000000000002
w1118,Fatigued,6,3,w1118_Fatigued_all,1,51,1.966,38.8536,0.9912,0.0,0.0199
w1118,Rested,6,1,w1118_Rested_all,30,80,3.4522,49.7189,0.9967,0.0,0.0213
w1118,Rested,6,2,w1118_Rested_all,9,59,4.7035,38.5125,0.9973,0.0,0.0262
w1118,Rested,6,3,w1118_Rested_all,2,52,4.4878,37.4806,0.9984,0.0,0.0192
